constant_secular_drift_hz_per_s,bigear_null_visits_still_in_band,active_campaigns,active_campaign_count,log10_max_likelihood_suppression_vs_original_only,drift_during_original_72s_hz,fits_original_10khz_channel
1e-08,89,"BIGEAR,VLA1995,VLA1996,HOBART,ATA",5,-12.54309675015425,7.2e-07,True
1.0682017746080346e-08,89,"BIGEAR,VLA1995,VLA1996,HOBART,ATA",5,-12.54309675015425,7.691052777177849e-07,True
1.141055031275752e-08,89,"BIGEAR,VLA1995,VLA1996,HOBART,ATA",5,-12.54309675015425,8.215596225185415e-07,True
1.2188770093341847e-08,89,"BIGEAR,VLA1995,VLA1996,HOBART,ATA",5,-12.54309675015425,8.775914467206129e-07,True
1.3020065843997071e-08,89,"BIGEAR,VLA1995,VLA1996,HOBART,ATA",5,-12.54309675015425,9.374447407677891e-07,True
1.390805744007113e-08,89,"BIGEAR,VLA1995,VLA1996,HOBART,ATA",5,-12.54309675015425,1.0013801356851214e-06,True
1.4856611638834428e-08,89,"BIGEAR,VLA1995,VLA1996,HOBART,ATA",5,-12.54309675015425,1.0696760379960789e-06,True
1.5869858917265316e-08,89,"BIGEAR,VLA1995,VLA1996,HOBART,ATA",5,-12.54309675015425,1.1426298420431029e-06,True
1.6952211458201953e-08,89,"BIGEAR,VLA1995,VLA1996,HOBART,ATA",5,-12.54309675015425,1.2205592249905406e-06,True
1.8108382363181948e-08,89,"BIGEAR,VLA1995,VLA1996,HOBART,ATA",5,-12.54309675015425,1.3038035301491003e-06,True
1.9343406175631792e-08,89,"BIGEAR,VLA1995,VLA1996,HOBART,ATA",5,-12.54309675015425,1.392725244645489e-06,True
2.066266080377385e-08,89,"BIGEAR,VLA1995,VLA1996,HOBART,ATA",5,-12.54309675015425,1.4877115778717173e-06,True
2.2071890938715107e-08,89,"BIGEAR,VLA1995,VLA1996,HOBART,ATA",5,-12.54309675015425,1.5891761475874878e-06,True
2.3577233069690425e-08,89,"BIGEAR,VLA1995,VLA1996,HOBART,ATA",5,-12.54309675015425,1.6975607810177106e-06,True
2.5185242205390552e-08,89,"BIGEAR,VLA1995,VLA1996,HOBART,ATA",5,-12.54309675015425,1.8133374387881198e-06,True
2.6902920417731358e-08,89,"BIGEAR,VLA1995,VLA1996,HOBART,ATA",5,-12.54309675015425,1.9370102700766578e-06,True
2.8737747332359302e-08,89,"BIGEAR,VLA1995,VLA1996,HOBART,ATA",5,-12.54309675015425,2.0691178079298695e-06,True
3.069771269866352e-08,89,"BIGEAR,VLA1995,VLA1996,HOBART,ATA",5,-12.54309675015425,2.2102353143037736e-06,True
3.27913511811199e-08,89,"BIGEAR,VLA1995,VLA1996,HOBART,ATA",5,-12.54309675015425,2.3609772850406326e-06,True
3.5027779523467546e-08,89,"BIGEAR,VLA1995,VLA1996,HOBART,ATA",5,-12.54309675015425,2.522000125689663e-06,True
3.741673624754693e-08,89,"BIGEAR,VLA1995,VLA1996,HOBART,ATA",5,-12.54309675015425,2.6940050098233794e-06,True
3.9968624059670405e-08,89,"BIGEAR,VLA1995,VLA1996,HOBART,ATA",5,-12.54309675015425,2.877740932296269e-06,True
4.269455514918123e-08,89,"BIGEAR,VLA1995,VLA1996,HOBART,ATA",5,-12.54309675015425,3.0740079707410484e-06,True
4.5606399576455985e-08,89,"BIGEAR,VLA1995,VLA1996,HOBART,ATA",5,-12.54309675015425,3.2836607695048307e-06,True
4.87168369610534e-08,89,"BIGEAR,VLA1995,VLA1996,HOBART,ATA",5,-12.54309675015425,3.507612261195845e-06,True
5.203941169508743e-08,89,"BIGEAR,VLA1995,VLA1996,HOBART,ATA",5,-12.54309675015425,3.746837642046295e-06,True
5.558859192225049e-08,89,"BIGEAR,VLA1995,VLA1996,HOBART,ATA",5,-12.54309675015425,4.002378618402036e-06,True
5.9379832539309715e-08,89,"BIGEAR,VLA1995,VLA1996,HOBART,ATA",5,-12.54309675015425,4.2753479428303e-06,True
6.342964249441855e-08,89,"BIGEAR,VLA1995,VLA1996,HOBART,ATA",5,-12.54309675015425,4.566934259598136e-06,True
6.775565667529095e-08,89,"BIGEAR,VLA1995,VLA1996,HOBART,ATA",5,-12.54309675015425,4.878407280620949e-06,True
7.237671270027852e-08,89,"BIGEAR,VLA1995,VLA1996,HOBART,ATA",5,-12.54309675015425,5.211123314420053e-06,True
7.731293294673323e-08,89,"BIGEAR,VLA1995,VLA1996,HOBART,ATA",5,-12.54309675015425,5.566531172164793e-06,True
8.258581217385243e-08,89,"BIGEAR,VLA1995,VLA1996,HOBART,ATA",5,-12.54309675015425,5.946178476517375e-06,True
8.821831112155498e-08,89,"BIGEAR,VLA1995,VLA1996,HOBART,ATA",5,-12.54309675015425,6.351718400751958e-06,True
9.423495649296855e-08,89,"BIGEAR,VLA1995,VLA1996,HOBART,ATA",5,-12.54309675015425,6.784916867493736e-06,True
1.0066194775589993e-07,89,"BIGEAR,VLA1995,VLA1996,HOBART,ATA",5,-12.54309675015425,7.247660238424795e-06,True
1.0752727122835336e-07,89,"BIGEAR,VLA1995,VLA1996,HOBART,ATA",5,-12.54309675015425,7.741963528441442e-06,True
1.148608219448865e-07,89,"BIGEAR,VLA1995,VLA1996,HOBART,ATA",5,-12.54309675015425,8.269979180031828e-06,True
1.2269453383446526e-07,89,"BIGEAR,VLA1995,VLA1996,HOBART,ATA",5,-12.54309675015425,8.834006436081498e-06,True
1.3106251877668105e-07,89,"BIGEAR,VLA1995,VLA1996,HOBART,ATA",5,-12.54309675015425,9.436501351921035e-06,True
1.4000121514184956e-07,89,"BIGEAR,VLA1995,VLA1996,HOBART,ATA",5,-12.54309675015425,1.0080087490213169e-05,True
1.4954954646180462e-07,89,"BIGEAR,VLA1995,VLA1996,HOBART,ATA",5,-12.54309675015425,1.0767567345249933e-05,True
1.597490909223264e-07,89,"BIGEAR,VLA1995,VLA1996,HOBART,ATA",5,-12.54309675015425,1.1501934546407502e-05,True
1.7064426241524898e-07,89,"BIGEAR,VLA1995,VLA1996,HOBART,ATA",5,-12.54309675015425,1.2286386893897927e-05,True
1.822825039386481e-07,89,"BIGEAR,VLA1995,VLA1996,HOBART,ATA",5,-12.54309675015425,1.3124340283582663e-05,True
1.9471449418725955e-07,89,"BIGEAR,VLA1995,VLA1996,HOBART,ATA",5,-12.54309675015425,1.4019443581482688e-05,True
2.0799436823273648e-07,89,"BIGEAR,VLA1995,VLA1996,HOBART,ATA",5,-12.54309675015425,1.4975594512757027e-05,True
2.2217995325468611e-07,89,"BIGEAR,VLA1995,VLA1996,HOBART,ATA",5,-12.54309675015425,1.59969566343374e-05,True
2.373330203489854e-07,89,"BIGEAR,VLA1995,VLA1996,HOBART,ATA",5,-12.54309675015425,1.708797746512695e-05,True
2.53519553509871e-07,89,"BIGEAR,VLA1995,VLA1996,HOBART,ATA",5,-12.54309675015425,1.825340785271071e-05,True
2.708100369570802e-07,89,"BIGEAR,VLA1995,VLA1996,HOBART,ATA",5,-12.54309675015425,1.9498322660909776e-05,True
2.892797620592205e-07,89,"BIGEAR,VLA1995,VLA1996,HOBART,ATA",5,-12.54309675015425,2.0828142868263875e-05,True
3.090091551898493e-07,89,"BIGEAR,VLA1995,VLA1996,HOBART,ATA",5,-12.54309675015425,2.2248659173669148e-05,True
3.3008412794392594e-07,89,"BIGEAR,VLA1995,VLA1996,HOBART,ATA",5,-12.54309675015425,2.3766057211962668e-05,True
3.525964512396465e-07,89,"BIGEAR,VLA1995,VLA1996,HOBART,ATA",5,-12.54309675015425,2.5386944489254548e-05,True
3.766441549346857e-07,89,"BIGEAR,VLA1995,VLA1996,HOBART,ATA",5,-12.54309675015425,2.7118379155297372e-05,True
4.023319546969748e-07,89,"BIGEAR,VLA1995,VLA1996,HOBART,ATA",5,-12.54309675015425,2.8967900738182184e-05,True
4.2977170798882697e-07,89,"BIGEAR,VLA1995,VLA1996,HOBART,ATA",5,-12.54309675015425,3.094356297519554e-05,True
4.5908290114999095e-07,89,"BIGEAR,VLA1995,VLA1996,HOBART,ATA",5,-12.54309675015425,3.3053968882799345e-05,True
4.903931697006242e-07,89,"BIGEAR,VLA1995,VLA1996,HOBART,ATA",5,-12.54309675015425,3.530830821844494e-05,True
5.238388541298659e-07,89,"BIGEAR,VLA1995,VLA1996,HOBART,ATA",5,-12.54309675015425,3.7716397497350346e-05,True
5.595655935901621e-07,89,"BIGEAR,VLA1995,VLA1996,HOBART,ATA",5,-12.54309675015425,4.028872273849167e-05,True
5.977289600826082e-07,89,"BIGEAR,VLA1995,VLA1996,HOBART,ATA",5,-12.54309675015425,4.303648512594779e-05,True
6.384951358948571e-07,89,"BIGEAR,VLA1995,VLA1996,HOBART,ATA",5,-12.54309675015425,4.597164978442971e-05,True
6.820416372414831e-07,89,"BIGEAR,VLA1995,VLA1996,HOBART,ATA",5,-12.54309675015425,4.910699788138678e-05,True
7.285580872579216e-07,89,"BIGEAR,VLA1995,VLA1996,HOBART,ATA",5,-12.54309675015425,5.245618228257036e-05,True
7.782470417139472e-07,89,"BIGEAR,VLA1995,VLA1996,HOBART,ATA",5,-12.54309675015425,5.60337870034042e-05,True
8.313248710422897e-07,89,"BIGEAR,VLA1995,VLA1996,HOBART,ATA",5,-12.54309675015425,5.985539071504486e-05,True
8.880227025231676e-07,89,"BIGEAR,VLA1995,VLA1996,HOBART,ATA",5,-12.54309675015425,6.393763458166806e-05,True
9.485874267274704e-07,89,"BIGEAR,VLA1995,VLA1996,HOBART,ATA",5,-12.54309675015425,6.829829472437787e-05,True
1.013282772601153e-06,89,"BIGEAR,VLA1995,VLA1996,HOBART,ATA",5,-12.54309675015425,7.295635962728302e-05,True
1.0823904558722989e-06,89,"BIGEAR,VLA1995,VLA1996,HOBART,ATA",5,-12.54309675015425,7.793211282280553e-05,True
1.156211405781589e-06,89,"BIGEAR,VLA1995,VLA1996,HOBART,ATA",5,-12.54309675015425,8.324722121627441e-05,True
1.2350670754779412e-06,89,"BIGEAR,VLA1995,VLA1996,HOBART,ATA",5,-12.54309675015425,8.892482943441177e-05,True
1.3193008417854922e-06,89,"BIGEAR,VLA1995,VLA1996,HOBART,ATA",5,-12.54309675015425,9.498966060855544e-05,True
1.4092795004371367e-06,89,"BIGEAR,VLA1995,VLA1996,HOBART,ATA",5,-12.54309675015425,0.00010146812403147385,True
1.5053948632856707e-06,89,"BIGEAR,VLA1995,VLA1996,HOBART,ATA",5,-12.54309675015425,0.00010838843015656829,True
1.6080654644475697e-06,89,"BIGEAR,VLA1995,VLA1996,HOBART,ATA",5,-12.54309675015425,0.00011578071344022501,True
1.7177383828087873e-06,89,"BIGEAR,VLA1995,VLA1996,HOBART,ATA",5,-12.54309675015425,0.00012367716356223268,True
1.834891188828682e-06,89,"BIGEAR,VLA1995,VLA1996,HOBART,ATA",5,-12.54309675015425,0.0001321121655956651,True
1.9600340241194444e-06,89,"BIGEAR,VLA1995,VLA1996,HOBART,ATA",5,-12.54309675015425,0.0001411224497366,True
2.0937118228565132e-06,89,"BIGEAR,VLA1995,VLA1996,HOBART,ATA",5,-12.54309675015425,0.00015074725124566895,True
2.236506684693146e-06,89,"BIGEAR,VLA1995,VLA1996,HOBART,ATA",5,-12.54309675015425,0.0001610284812979065,True
2.3890404095119504e-06,89,"BIGEAR,VLA1995,VLA1996,HOBART,ATA",5,-12.54309675015425,0.00017201090948486042,True
2.551977205050971e-06,89,"BIGEAR,VLA1995,VLA1996,HOBART,ATA",5,-12.54309675015425,0.00018374235876366993,True
2.7260265791946937e-06,89,"BIGEAR,VLA1995,VLA1996,HOBART,ATA",5,-12.54309675015425,0.00019627391370201795,True
2.911946429524436e-06,89,"BIGEAR,VLA1995,VLA1996,HOBART,ATA",5,-12.54309675015425,0.00020966014292575938,True
3.1105463435815324e-06,89,"BIGEAR,VLA1995,VLA1996,HOBART,ATA",5,-12.54309675015425,0.00022395933673787034,True
3.322691124214326e-06,89,"BIGEAR,VLA1995,VLA1996,HOBART,ATA",5,-12.54309675015425,0.00023923376094343147,True
3.5493045553601086e-06,89,"BIGEAR,VLA1995,VLA1996,HOBART,ATA",5,-12.54309675015425,0.00025554992798592784,True
3.791373424660041e-06,89,"BIGEAR,VLA1995,VLA1996,HOBART,ATA",5,-12.54309675015425,0.00027297888657552296,True
4.049951820423589e-06,89,"BIGEAR,VLA1995,VLA1996,HOBART,ATA",5,-12.54309675015425,0.0002915965310704984,True
4.326165721653518e-06,89,"BIGEAR,VLA1995,VLA1996,HOBART,ATA",5,-12.54309675015425,0.0003114839319590533,True
4.621217901118737e-06,89,"BIGEAR,VLA1995,VLA1996,HOBART,ATA",5,-12.54309675015425,0.000332727688880549,True
4.936393162825441e-06,89,"BIGEAR,VLA1995,VLA1996,HOBART,ATA",5,-12.54309675015425,0.0003554203077234317,True
5.273063936693104e-06,89,"BIGEAR,VLA1995,VLA1996,HOBART,ATA",5,-12.54309675015425,0.0003796606034419035,True
5.6326962547971915e-06,89,"BIGEAR,VLA1995,VLA1996,HOBART,ATA",5,-12.54309675015425,0.0004055541303453978,True
6.01685613520239e-06,89,"BIGEAR,VLA1995,VLA1996,HOBART,ATA",5,-12.54309675015425,0.00043321364173457206,True
6.4272164011844335e-06,89,"BIGEAR,VLA1995,VLA1996,HOBART,ATA",5,-12.54309675015425,0.0004627595808852792,True
6.8655639655350635e-06,89,"BIGEAR,VLA1995,VLA1996,HOBART,ATA",5,-12.54309675015425,0.0004943206055185246,True
7.333807611669514e-06,89,"BIGEAR,VLA1995,VLA1996,HOBART,ATA",5,-12.54309675015425,0.000528034148040205,True
7.833986305419288e-06,89,"BIGEAR,VLA1995,VLA1996,HOBART,ATA",5,-12.54309675015425,0.0005640470139901887,True
8.368278073703922e-06,89,"BIGEAR,VLA1995,VLA1996,HOBART,ATA",5,-12.54309675015425,0.0006025160213066824,True
8.939009488744035e-06,89,"BIGEAR,VLA1995,VLA1996,HOBART,ATA",5,-12.54309675015425,0.0006436086831895705,True
9.548665799114418e-06,89,"BIGEAR,VLA1995,VLA1996,HOBART,ATA",5,-12.54309675015425,0.0006875039375362381,True
1.0199901751753047e-05,89,"BIGEAR,VLA1995,VLA1996,HOBART,ATA",5,-12.54309675015425,0.0007343929261262194,True
1.0895553152050206e-05,89,"BIGEAR,VLA1995,VLA1996,HOBART,ATA",5,-12.54309675015425,0.0007844798269476148,True
1.1638649212356194e-05,89,"BIGEAR,VLA1995,VLA1996,HOBART,ATA",5,-12.54309675015425,0.000837982743289646,True
1.2432425742679266e-05,89,"BIGEAR,VLA1995,VLA1996,HOBART,ATA",5,-12.54309675015425,0.0008951346534729071,True
1.3280339241012575e-05,89,"BIGEAR,VLA1995,VLA1996,HOBART,ATA",5,-12.54309675015425,0.0009561844253529054,True
1.4186081944646352e-05,89,"BIGEAR,VLA1995,VLA1996,HOBART,ATA",5,-12.54309675015425,0.0010213979000145373,True
1.5153597908006231e-05,89,"BIGEAR,VLA1995,VLA1996,HOBART,ATA",5,-12.54309675015425,0.0010910590493764486,True
1.6187100177028856e-05,89,"BIGEAR,VLA1995,VLA1996,HOBART,ATA",5,-12.54309675015425,0.0011654712127460777,True
1.729108913486022e-05,89,"BIGEAR,VLA1995,VLA1996,HOBART,ATA",5,-12.54309675015425,0.0012449584177099359,True
1.8470372098763352e-05,89,"BIGEAR,VLA1995,VLA1996,HOBART,ATA",5,-12.54309675015425,0.0013298667911109613,True
1.973008425356974e-05,89,"BIGEAR,VLA1995,VLA1996,HOBART,ATA",5,-12.54309675015425,0.0014205660662570214,True
2.1075711012829238e-05,89,"BIGEAR,VLA1995,VLA1996,HOBART,ATA",5,-12.54309675015425,0.0015174511929237052,True
2.251311190503029e-05,89,"BIGEAR,VLA1995,VLA1996,HOBART,ATA",5,-12.54309675015425,0.0016209440571621808,True
2.4048546088902573e-05,89,"BIGEAR,VLA1995,VLA1996,HOBART,ATA",5,-12.54309675015425,0.0017314953184009853,True
2.5688699608908788e-05,89,"BIGEAR,VLA1995,VLA1996,HOBART,ATA",5,-12.54309675015425,0.0018495863718414327,True
2.744071450960909e-05,89,"BIGEAR,VLA1995,VLA1996,HOBART,ATA",5,-12.54309675015425,0.0019757314446918546,True
2.9312219935676872e-05,89,"BIGEAR,VLA1995,VLA1996,HOBART,ATA",5,-12.54309675015425,0.002110479835368735,True
3.1311365352990976e-05,89,"BIGEAR,VLA1995,VLA1996,HOBART,ATA",5,-12.54309675015425,0.0022544183054153503,True
3.3446856035465425e-05,89,"BIGEAR,VLA1995,VLA1996,HOBART,ATA",5,-12.54309675015425,0.0024081736345535104,True
3.572799097214362e-05,89,"BIGEAR,VLA1995,VLA1996,HOBART,ATA",5,-12.54309675015425,0.0025724153499943406,True
3.816470335962365e-05,89,"BIGEAR,VLA1995,VLA1996,HOBART,ATA",5,-12.54309675015425,0.002747858641892903,True
4.07676038561392e-05,89,"BIGEAR,VLA1995,VLA1996,HOBART,ATA",5,-12.54309675015425,0.0029352674776420224,True
4.354802678564516e-05,89,"BIGEAR,VLA1995,VLA1996,HOBART,ATA",5,-12.54309675015425,0.0031354579285664515,True
4.651807949310428e-05,89,"BIGEAR,VLA1995,VLA1996,HOBART,ATA",5,-12.54309675015425,0.0033493017235035082,True
4.9690695065891616e-05,89,"BIGEAR,VLA1995,VLA1996,HOBART,ATA",5,-12.54309675015425,0.0035777300447441965,True
5.3079688650892134e-05,89,"BIGEAR,VLA1995,VLA1996,HOBART,ATA",5,-12.54309675015425,0.003821737582864234,True
5.669981761252482e-05,89,"BIGEAR,VLA1995,VLA1996,HOBART,ATA",5,-12.54309675015425,0.004082386868101787,True
6.05668457936509e-05,89,"BIGEAR,VLA1995,VLA1996,HOBART,ATA",5,-12.54309675015425,0.004360812897142865,True
6.469761215918893e-05,89,"BIGEAR,VLA1995,VLA1996,HOBART,ATA",5,-12.54309675015425,0.0046582280754616035,True
6.911010412134797e-05,89,"BIGEAR,VLA1995,VLA1996,HOBART,ATA",5,-12.54309675015425,0.004975927496737054,True
7.382353586576994e-05,89,"BIGEAR,VLA1995,VLA1996,HOBART,ATA",5,-12.54309675015425,0.005315294582335436,True
7.885843201965518e-05,89,"BIGEAR,VLA1995,VLA1996,HOBART,ATA",5,-12.54309675015425,0.005677807105415173,True
8.423671702620254e-05,89,"BIGEAR,VLA1995,VLA1996,HOBART,ATA",5,-12.54309675015425,0.006065043625886583,True
8.99818106145444e-05,89,"BIGEAR,VLA1995,VLA1996,HOBART,ATA",5,-12.54309675015425,0.006478690364247197,True
9.611872978090041e-05,89,"BIGEAR,VLA1995,VLA1996,HOBART,ATA",5,-12.54309675015425,0.00692054854422483,True
0.00010267419772502774,89,"BIGEAR,VLA1995,VLA1996,HOBART,ATA",5,-12.54309675015425,0.007392542236201997,True
0.00010967676021633087,89,"BIGEAR,VLA1995,VLA1996,HOBART,ATA",5,-12.54309675015425,0.007896726735575822,True
0.00011715690989634428,89,"BIGEAR,VLA1995,VLA1996,HOBART,ATA",5,-12.54309675015425,0.008435297512536789,True
0.00012514721905886855,89,"BIGEAR,VLA1995,VLA1996,HOBART,ATA",5,-12.54309675015425,0.009010599772238536,True
0.00013368248148594385,89,"BIGEAR,VLA1995,VLA1996,HOBART,ATA",5,-12.54309675015425,0.009625138666987956,True
0.00014279986395729065,89,"BIGEAR,VLA1995,VLA1996,HOBART,ATA",5,-12.54309675015425,0.010281590204924926,True
0.0001525390680929638,89,"BIGEAR,VLA1995,VLA1996,HOBART,ATA",5,-12.54309675015425,0.010982812902693392,True
0.0001629425032339594,89,"BIGEAR,VLA1995,VLA1996,HOBART,ATA",5,-12.54309675015425,0.011731860232845077,True
0.00017405547111359085,89,"BIGEAR,VLA1995,VLA1996,HOBART,ATA",5,-12.54309675015425,0.012531993920178541,True
0.00018592636312377486,89,"BIGEAR,VLA1995,VLA1996,HOBART,ATA",5,-12.54309675015425,0.01338669814491179,True
0.00019860687103523414,89,"BIGEAR,VLA1995,VLA1996,HOBART,ATA",5,-12.54309675015425,0.014299694714536858,True
0.00021215221208918615,89,"BIGEAR,VLA1995,VLA1996,HOBART,ATA",5,-12.54309675015425,0.015274959270421403,True
0.0002266213694406883,89,"BIGEAR,VLA1995,VLA1996,HOBART,ATA",5,-12.54309675015425,0.01631673859972956,True
0.00024207734900064627,89,"BIGEAR,VLA1995,VLA1996,HOBART,ATA",5,-12.54309675015425,0.01742956912804653,True
0.0002585874537948983,89,"BIGEAR,VLA1995,VLA1996,HOBART,ATA",5,-12.54309675015425,0.018618296673232677,True
0.00027622357703508354,89,"BIGEAR,VLA1995,VLA1996,HOBART,ATA",5,-12.54309675015425,0.019888097546526016,True
0.0002950625151774548,89,"BIGEAR,VLA1995,VLA1996,HOBART,ATA",5,-12.54309675015425,0.021244501092776747,True
0.0003151863023328673,89,"BIGEAR,VLA1995,VLA1996,HOBART,ATA",5,-12.54309675015425,0.022693413767966446,True
0.0003366825674841127,89,"BIGEAR,VLA1995,VLA1996,HOBART,ATA",5,-12.54309675015425,0.024241144858856114,True
0.0003596449160661185,89,"BIGEAR,VLA1995,VLA1996,HOBART,ATA",5,-12.54309675015425,0.025894433956760533,True
0.00038417333757058544,89,"BIGEAR,VLA1995,VLA1996,HOBART,ATA",5,-12.54309675015425,0.02766048030508215,True
0.00041037464094999005,89,"BIGEAR,VLA1995,VLA1996,HOBART,ATA",5,-12.54309675015425,0.029546974148399283,True
0.0004383629197169144,89,"BIGEAR,VLA1995,VLA1996,HOBART,ATA",5,-12.54309675015425,0.03156213021961784,True
0.0004682600487639664,89,"BIGEAR,VLA1995,VLA1996,HOBART,ATA",5,-12.54309675015425,0.03371472351100558,True
0.0005001962150677137,89,"BIGEAR,VLA1995,VLA1996,HOBART,ATA",5,-12.54309675015425,0.03601412748487538,True
0.0005343104845875528,89,"BIGEAR,VLA1995,VLA1996,HOBART,ATA",5,-12.54309675015425,0.0384703548903038,True
0.0005707514078281028,89,"BIGEAR,VLA1995,VLA1996,HOBART,ATA",5,-12.54309675015425,0.041094101363623396,True
0.0006096776667020135,89,"BIGEAR,VLA1995,VLA1996,HOBART,ATA",5,-12.54309675015425,0.04389679200254497,True
0.0006512587655099753,89,"BIGEAR,VLA1995,VLA1996,HOBART,ATA",5,-12.54309675015425,0.04689063111671822,True
0.0006956757690467935,89,"BIGEAR,VLA1996,HOBART,ATA",4,-10.730393190225893,0.050088655371369126,True
0.0007431220910475925,89,"BIGEAR,VLA1996,HOBART,ATA",4,-10.730393190225893,0.05350479055542666,True
0.0007938043364074717,89,"BIGEAR,VLA1996,HOBART,ATA",4,-10.730393190225893,0.05715391222133796,True
0.0008479432008420127,89,"BIGEAR,VLA1996,HOBART,ATA",4,-10.730393190225893,0.061051910460624914,True
0.0009057744319062552,89,"BIGEAR,VLA1996,HOBART,ATA",4,-10.730393190225893,0.06521575909725037,True
0.000967549855556846,89,"BIGEAR,VLA1996,HOBART,ATA",4,-10.730393190225893,0.06966358960009292,True
0.0010335384727275683,89,"BIGEAR,VLA1996,HOBART,ATA",4,-10.730393190225893,0.07441477003638491,True
0.0011040276306932663,88,"BIGEAR,VLA1996,HOBART,ATA",4,-10.710178432917353,0.07948998940991517,True
0.0011793242743228483,88,"BIGEAR,VLA1996,HOBART,ATA",4,-10.710178432917353,0.08491134775124508,True
0.0012597562826699993,88,"BIGEAR,VLA1996,HOBART,ATA",4,-10.710178432917353,0.09070245235223995,True
0.0013456738967217111,88,"BIGEAR,HOBART,ATA",3,-8.717932767054435,0.0968885205639632,True
0.0014374512445218409,62,"BIGEAR,HOBART,ATA",3,-8.092208035704857,0.10349648960557255,True
0.0015354879703107583,38,"BIGEAR,ATA",2,-7.3283542367026895,0.11055513386237459,True
0.0016402109747752378,38,"BIGEAR,ATA",2,-7.3283542367026895,0.11809519018381712,True
0.0017520762739864832,38,"BIGEAR,ATA",2,-7.3283542367026895,0.1261494917270268,True
0.0018715709851209906,38,"BIGEAR,ATA",2,-7.3283542367026895,0.1347531109287113,True
0.0019992154476111495,38,"BIGEAR,ATA",2,-7.3283542367026895,0.14394351222800275,True
0.0021355654889620218,38,"BIGEAR,ATA",2,-7.3283542367026895,0.15376071520526557,True
0.0022812148451009065,38,"BIGEAR,ATA",2,-7.3283542367026895,0.16424746884726527,True
0.002436797745798976,38,"BIGEAR,ATA",2,-7.3283542367026895,0.17544943769752627,True
0.0026029916764233247,38,"BIGEAR,ATA",2,-7.3283542367026895,0.1874154007024794,True
0.002780520328045338,38,"BIGEAR,ATA",2,-7.3283542367026895,0.20019746361926435,True
0.0029701567487517384,38,"BIGEAR,ATA",2,-7.3283542367026895,0.21385128591012517,True
0.003172726709880637,38,BIGEAR,1,-6.173766008398129,0.22843632311140588,True
0.0033891123018408007,38,BIGEAR,1,-6.173766008398129,0.24401608573253766,True
0.0036202557751722642,38,BIGEAR,1,-6.173766008398129,0.260658415812403,True
0.0038671636435739904,38,BIGEAR,1,-6.173766008398129,0.2784357823373273,True
0.004130911066765409,38,BIGEAR,1,-6.173766008398129,0.29742559680710945,True
0.004412646532266779,38,BIGEAR,1,-6.173766008398129,0.3177105503232081,True
0.0047135968564853544,38,BIGEAR,1,-6.173766008398129,0.3393789736669455,True
0.005035072526884508,38,BIGEAR,1,-6.173766008398129,0.3625252219356846,True
0.005378473408498181,38,BIGEAR,1,-6.173766008398129,0.38725008541186906,True
0.0057452948396398825,38,BIGEAR,1,-6.173766008398129,0.41366122845407155,True
0.006137134143349693,38,BIGEAR,1,-6.173766008398129,0.4418736583211779,True
0.006555697582933702,38,BIGEAR,1,-6.173766008398129,0.47201022597122655,True
0.007002807791883383,38,BIGEAR,1,-6.173766008398129,0.5042021610156036,True
0.007480411710528786,38,BIGEAR,1,-6.173766008398129,0.5385896431580726,True
0.007990589063985573,30,BIGEAR,1,-5.643011434268943,0.5753224126069613,True
0.008535561418312925,30,BIGEAR,1,-5.643011434268943,0.6145604221185306,True
0.009117701854317739,30,BIGEAR,1,-5.643011434268943,0.6564745335108771,True
0.009739545301129157,30,BIGEAR,1,-5.643011434268943,0.7012472616812992,True
0.01040379957454151,30,BIGEAR,1,-5.643011434268943,0.7490735693669888,True
0.011113357168191555,30,BIGEAR,1,-5.643011434268943,0.800161716109792,True
0.011871307848915116,22,BIGEAR,1,-4.969425166524194,0.8547341651218884,True
0.012680952111129417,20,BIGEAR,1,-4.768377494555925,0.913028552001318,True
0.013545815548827918,20,BIGEAR,1,-4.768377494555925,0.9752987195156101,True
0.01446966420777109,20,BIGEAR,1,-4.768377494555925,1.0418158229595185,True
0.015456520984723407,20,BIGEAR,1,-4.768377494555925,1.1128695109000852,True
0.016510683145147868,20,BIGEAR,1,-4.768377494555925,1.1887691864506464,True
0.017636741035637882,20,BIGEAR,1,-4.768377494555925,1.2698453545659276,True
0.018839598072570733,20,BIGEAR,1,-4.768377494555925,1.3564510612250928,True
0.020124492094022162,20,BIGEAR,1,-4.768377494555925,1.4489634307695958,True
0.021497018167919792,20,BIGEAR,1,-4.768377494555925,1.547785308090225,True
0.02296315295575308,20,BIGEAR,1,-4.768377494555925,1.6533470128142218,True
0.024529280737931126,20,BIGEAR,1,-4.768377494555925,1.766108213131041,True
0.026202221214116708,20,BIGEAR,1,-4.768377494555925,1.8865599274164029,True
0.0279892591995917,20,BIGEAR,1,-4.768377494555925,2.0152266623706026,True
0.029898176346968112,20,BIGEAR,1,-4.768377494555925,2.152668696981704,True
0.0319372850313753,20,BIGEAR,1,-4.768377494555925,2.2994845222590214,True
0.034115464546677646,20,BIGEAR,1,-4.768377494555925,2.4563134473607904,True
0.03644219977033855,20,BIGEAR,1,-4.768377494555925,2.623838383464376,True
0.03892762246529607,19,BIGEAR,1,-4.661448393285422,2.802788817501317,True
0.04158255539870085,19,BIGEAR,1,-4.661448393285422,2.9939439887064614,True
0.04441855946962907,19,BIGEAR,1,-4.661448393285422,3.198136281813293,True
0.04744798405099029,19,BIGEAR,1,-4.661448393285422,3.4162548516713005,True
0.05068402076484155,19,BIGEAR,1,-4.661448393285422,3.6492494950685916,True
0.0541407609252741,19,BIGEAR,1,-4.661448393285422,3.8981347866197353,True
0.05783325689900713,19,BIGEAR,1,-4.661448393285422,4.163994496728513,True
0.06177758765088165,18,BIGEAR,1,-4.5497292684835555,4.447986310863479,True
0.06599092875967517,15,BIGEAR,1,-4.1809565259109345,4.751346870696612,True
0.07049162720911727,13,BIGEAR,1,-3.900706921799745,5.075397159056443,True
0.07529928127978708,10,BIGEAR,1,-3.409958649330482,5.421548252144669,True
0.08043482588977811,7,BIGEAR,1,-2.7959682464725777,5.791307464064024,True
0.08592062375574909,5,BIGEAR,1,-2.2788117742194247,6.186284910413934,True
0.09178056277132043,3,BIGEAR,1,-1.6172994095406312,6.608200519535071,True
0.09804016002684839,3,BIGEAR,1,-1.6172994095406312,7.0588915219330834,True
0.10472667292353514,3,BIGEAR,1,-1.6172994095406312,7.54032045049453,True
0.11186921786571521,3,BIGEAR,1,-1.6172994095406312,8.054583686331496,True
0.11949889704816984,3,BIGEAR,1,-1.6172994095406312,8.603920587468227,True
0.1276489338905576,3,BIGEAR,1,-1.6172994095406312,9.190723240120146,True
0.1363548177087173,3,BIGEAR,1,-1.6172994095406312,9.817546875027645,True
0.14565445825280687,3,BIGEAR,1,-1.6172994095406312,10.487120994202094,True
0.15558835078521988,3,BIGEAR,1,-1.6172994095406312,11.20236125653583,True
0.16619975241710924,3,BIGEAR,1,-1.6172994095406312,11.966382174031866,True
0.1775348704713717,3,BIGEAR,1,-1.6172994095406312,12.782510673938763,True
0.1896430636923268,3,BIGEAR,1,-1.6172994095406312,13.65430058584753,True
0.20257705717824762,3,BIGEAR,1,-1.6172994095406312,14.585548116833829,True
0.2163931719726774,3,BIGEAR,1,-1.6172994095406312,15.580308382032774,True
0.2311515703142756,3,BIGEAR,1,-1.6172994095406312,16.642913062627844,True
0.24691651761314257,3,BIGEAR,1,-1.6172994095406312,17.777989268146264,True
0.26375666229439493,3,BIGEAR,1,-1.6172994095406312,18.990479685196433,True
0.28174533472756413,3,BIGEAR,1,-1.6172994095406312,20.28566410038462,True
0.3009608665435187,3,BIGEAR,1,-1.6172994095406312,21.669182391133347,True
0.3214869317293579,3,BIGEAR,1,-1.6172994095406312,23.147059084513767,True
0.34341291098659216,3,BIGEAR,1,-1.6172994095406312,24.725729591034636,True
0.36683428093918874,3,BIGEAR,1,-1.6172994095406312,26.41206822762159,True
0.39185302988630294,3,BIGEAR,1,-1.6172994095406312,28.213418151813812,True
0.418578101910084,3,BIGEAR,1,-1.6172994095406312,30.137623337526048,True
0.44712587127241354,3,BIGEAR,1,-1.6172994095406312,32.19306273161378,True
0.47762064916635577,3,BIGEAR,1,-1.6172994095406312,34.388686739977615,True
0.5101952250289417,3,BIGEAR,1,-1.6172994095406312,36.7340562020838,True
0.5449914447724611,3,BIGEAR,1,-1.6172994095406312,39.2393840236172,True
0.5821608284521383,3,BIGEAR,1,-1.6172994095406312,41.91557964855396,True
0.6218652300598577,3,BIGEAR,1,-1.6172994095406312,44.77429656430976,True
0.6642775423169738,3,BIGEAR,1,-1.6172994095406312,47.82798304682211,True
0.7095824495352537,3,BIGEAR,1,-1.6172994095406312,51.08993636653827,True
0.7579772318242741,3,BIGEAR,1,-1.6172994095406312,54.574360691347735,True
0.8096726241471736,3,BIGEAR,1,-1.6172994095406312,58.2964289385965,True
0.864893733965555,3,BIGEAR,1,-1.6172994095406312,62.272348845519964,True
0.9238810214693732,3,BIGEAR,1,-1.6172994095406312,66.51943354579487,True
0.9868913466602682,3,BIGEAR,1,-1.6172994095406312,71.05617695953931,True
1.0541990878478094,3,BIGEAR,1,-1.6172994095406312,75.90233432504228,True
1.1260973364292013,3,BIGEAR,1,-1.6172994095406312,81.07900822290249,True
1.2028991731550538,3,BIGEAR,1,-1.6172994095406312,86.60874046716387,True
1.2849390314387659,3,BIGEAR,1,-1.6172994095406312,92.51561026359114,True
1.3725741536460132,3,BIGEAR,1,-1.6172994095406312,98.82533906251295,True
1.4661861467057924,1,BIGEAR,1,-0.6843260934863493,105.56540256281706,True
1.5661826438168436,1,BIGEAR,1,-0.6843260934863493,112.76515035481273,True
1.6729990794854555,1,BIGEAR,1,-0.6843260934863493,120.45593372295279,True
1.787100585623972,1,BIGEAR,1,-0.6843260934863493,128.67124216492599,True
1.9089840169665768,1,BIGEAR,1,-0.6843260934863493,137.44684922159354,True
2.039180114622072,1,BIGEAR,1,-0.6843260934863493,146.82096825278916,True
2.1782558171847124,1,BIGEAR,1,-0.6843260934863493,156.8344188372993,True
2.326816729466984,1,BIGEAR,1,-0.6843260934863493,167.53080452162285,True
2.485509759604285,1,BIGEAR,1,-0.6843260934863493,178.95670269150853,True
2.655025936014887,1,BIGEAR,1,-0.6843260934863493,191.16186739307187,True
2.8361034164814605,1,BIGEAR,1,-0.6843260934863493,204.19944598666515,True
3.0295307024574054,0,,0,0.0,218.1262105769332,True
3.2361500725945263,0,,0,0.0,233.0028052268059,True
3.4568612504433784,0,,0,0.0,248.89401003192324,True
3.6926253222973666,0,,0,0.0,265.8690232054104,True
3.9444689222406124,0,,0,0.0,284.0017624013241,True
4.213488702623664,0,,0,0.0,303.3711865889038,True
4.500856109433503,0,,0,0.0,324.0616398792122,True
4.807822483352262,0,,0,0.0,346.16321880136286,True
5.135724508717294,0,,0,0.0,369.77216462764517,True
5.48599003410979,0,,0,0.0,394.99128245590487,True
5.86014428991807,0,,0,0.0,421.930388874101,True
6.259816529949597,0,,0,0.0,450.70679015637097,True
6.686747126012868,0,,0,0.0,481.4457930729265,True
7.142795146362121,0,,0,0.0,514.2812505380728,True
7.629946451005673,0,,0,0.0,549.3561444724085,True
8.150322339128536,0,,0,0.0,586.8232084172546,True
8.706188786284574,0,,0,0.0,626.8455926124893,True
9.299966311581752,0,,0,0.0,669.5975744338862,True
9.934240517826565,0,,0,0.0,715.2653172835127,True
10.611773350525377,0,,0,0.0,764.0476812378272,True
11.33551512476941,0,,0,0.0,816.1570889833976,True
12.1086173723749,0,,0,0.0,871.8204508109927,True
12.934446565220545,0,,0,0.0,931.2801526958792,True
13.816598774541383,0,,0,0.0,994.7951117669795,True
14.758915330012302,0,,0,0.0,1062.6419037608857,True
15.765499546808801,0,,0,0.0,1135.1159673702336,True
16.840734593483326,0,,0,0.0,1212.5328907307994,True
17.989302578461807,0,,0,0.0,1295.22978564925,True
19.216204938273794,0,,0,0.0,1383.5667555557131,True
20.526784216295745,0,,0,0.0,1477.9284635732936,True
21.92674732684322,0,,0,0.0,1578.7258075327118,True
23.422190405915902,0,,0,0.0,1686.397709225945,True
25.01962535680665,0,,0,0.0,1801.4130256900787,True
26.72600820616904,0,,0,0.0,1924.272590844171,True
28.54876939401855,0,,0,0.0,2055.5113963693357,True
30.495846129566157,0,,0,0.0,2195.7009213287633,True
32.57571695377613,0,,0,0.0,2345.4516206718813,True
34.797438659152704,0,,0,0.0,2505.4155834589947,True
37.17068572752114,0,,0,0.0,2676.289372381522,True
39.705792457535466,0,,0,0.0,2858.817056942554,True
42.413797965357695,0,,0,0.0,3053.793453505754,True
45.30649425446174,0,,0,0.0,3262.0675863212455,True
48.39647756388475,0,,0,0.0,3484.546384599702,True
51.69720321851962,0,,0,0.0,3722.1986317334126,True
55.223044220294625,0,,0,0.0,3976.059183861213,True
58.98935383537668,0,,0,0.0,4247.233476147121,True
63.012532449930646,0,,0,0.0,4536.902336395006,True
67.31009898556228,0,,0,0.0,4846.327126960484,True
71.9007671854198,0,,0,0.0,5176.855237350225,True
76.80452710314457,0,,0,0.0,5529.925951426409,True
82.04273214950992,0,,0,0.0,5907.076714764714,True
87.63819207579814,0,,0,0.0,6309.949829457466,True
93.61527229880737,0,,0,0.0,6740.29960551413,True
100.0,0,,0,0.0,7200.0,True
